;;;;;;;;;;
;;;;;;;;;;
Grupos;Subgrupo;Indicador;Prazo;Método de cálculo;Descrição;Nível de complexidade de atenção;Esfera de governo;Sistema de informação;Referência;Observações da equipe do projeto
Grupo 1 - Pré-natal;Indicadores sobre DESFECHOS de Saúde Pública ;Coeficiente de óbitos fetais ;27/09/2024;Número de óbitos fetais (22 semanas de gestação e mais) / N° total de NV + óbitos fetais > 22 semanas x 1.000;Número de óbitos fetais (ocorridos a partir da 22ª semana completa de gestação, ou 154 dias ou fetos com peso igual ou superior a 500g ou estatura a partir de 25cm) por mil nascimentos totais, na população residente em determinado espaço geográfico;"Atenção Básica; Média/alta complexidade";Município;SIM;MS - https://bvsms.saude.gov.br/bvs/publicacoes/manual_obito_infantil_fetal_2ed.pdf;"Análise por faixa etária, IG, peso ao nascer, tipo de parto, raça/cor; quando aplicável"
Grupo 1 - Pré-natal;Indicadores sobre ESTRUTURA e RECURSOS ;Coeficiente de Estabelecimento de Saúde – Atenção Primária à Saúde;27/09/2024;N° de unidades de atenção básica  / N° total de habitantes x 100 ;Número de unidades disponíveis no SUS para realização de atendimentos de atenção básica e integral dividido pelo total de habitantes da localidade, e multiplicado por 100 ;Atenção Básica;Município;TABNET - CNES;Migoto, M. T., Oliveira, R. P. de ., & Freire, M. H. de S.. (2022). Validação de indicadores para monitoramento da qualidade do pré-natal. Escola Anna Nery, 26, e20210262. https://doi.org/10.1590/2177-9465-EAN-2021-0262;
Grupo 1 - Pré-natal;Indicadores sobre PROCESSOS ASSISTENCIAIS ;Proporção de gestantes com o pré-natal adequado*;27/09/2024;N° de gestantes com o pré?natal adequado / N° total de gestantes acompanhadas x 100;Distribuição percentual de gestantes que realizaram 6 ou mais consultas de pré?natal, e que iniciaram o pré?natal no primeiro trimestre de gravidez (até 12ª semana de gestação);Atenção Básica;Município;SISAB;MS - PORTARIA SAS/MS Nº 650 DE 5 DE OUTUBRO DE 2011;Este indicador pode ser calculado com dados provenientes do SINASC, sendo, neste caso, o denominador o número de nascidos vivos
Grupo 1 - Pré-natal;Indicadores sobre PROCESSOS ASSISTENCIAIS ;Taxa de cobertura do SISAB ;04/10/2024;N° de gestantes cadastradas no sistema de informação para acompanhamento do pré-natal / N° de NV (total de nascidos ?) x 100;Estima a cobertura do pré-natal entre o público alvo;Atenção Básica;Município;SINASC / SISAB;Migoto, M. T., Oliveira, R. P. de ., & Freire, M. H. de S.. (2022). Validação de indicadores para monitoramento da qualidade do pré-natal. Escola Anna Nery, 26, e20210262. https://doi.org/10.1590/2177-9465-EAN-2021-0262;
Grupo 1 - Pré-natal;Indicadores sobre DESFECHOS de Saúde Pública ;Taxa de detecção de sífilis em gestantes *;01/11/2024;N° de casos de sífilis detectados em gestantes, em um determinado período de diagnóstico e local de residência / N° total de NV, de mães residentes no mesmo local, no mesmo período X 1.000;Medir a frequência de casos de sífilis na gestação, por mil NV, em um determinado período e orientar as ações de vigilância epidemiológica da doença no mesmo local de residência e período ;Atenção Básica;Município;SINAN/SINASC;Ministério da Saúde. Boletim Epidemiológico: Sífilis 2023. APÊNDICE B – Indicadores epidemiológicos e operacionais para o monitoramento da sífilis. https://www.gov.br/saude/pt-br/centrais-de-conteudo/publicacoes/boletins/epidemiologicos/especiais/2023/boletim-epidemiologico-de-sifilis-numero-especial-out.2023;
Grupo 1 - Pré-natal;Indicadores sobre DESFECHOS de Saúde Pública ;Taxa de HIV positivo em gestantes ;01/11/2024;N° de notificações de HIV positivo em gestantes / N° total de NV x 1.000;Taxa de detecção de gestantes com infecção pelo HIV por 1.000 NV;Atenção Básica;Município;SINASC/SINAN;MS - https://www.gov.br/saude/pt-br/assuntos/noticias/2022/dezembro/arquivos/boletim_hiv_aids_-2022_internet_24-11_finalizado.pdf;
Grupo 1 - Pré-natal;Indicadores sobre PROCESSOS ASSISTENCIAIS ;Proporção de seguimento pré-natal de alto risco *;01/11/2024;N° de gestantes que receberam seguimento pré-natal de alto risco / N° total de gestantes que receberam qualquer tipo de seguimento pré-natal x 100;Distribuição percentual de gestantes que receberam seguimento pré-natal de alto risco pelo número total de gestantes que receberam qualquer tipo de seguimento pré-natal;Atenção Básica;Município;SISAB;"Andreucci CB, Cecatti JG, Macchetti CE, Sousa MH. Sisprenatal como instrumento de avaliação da qualidade da assistência à gestante. Rev Saude Publica [Internet]. 2011;45(5):854–64. Available from: http://dx.doi.org/10.1590/s0034-89102011005000064";É necessária a vinculação de dados individualizados entre dois sistemas distintos do DATASUS
Grupo 1 - Pré-natal;Indicadores sobre PROCESSOS ASSISTENCIAIS ;Proporção de gestantes que realizaram exame para Toxoplasmose *;01/11/2024;Nº de gestantes, acompanhadas no pré?natal, que realizou exames de toxoplasmose em um dado período e local / N° total de gestantes acompanhadas no mesmo período e local x 100;Distribuição proporcional de gestantes acompanhadas no pré?natal que realizaram exames de sorologia para toxoplasmose;Atenção Básica;Município;SIH / SIA;Uchoa JL, Sales AAR, Joventino ES, Ximenes LB. INDICADORES DE QUALIDADE DA ASSISTÊNCIA AO PRÉ-NATAL: REALIDADE DE GESTANTES ATENDIDAS EM UNIDADE DE SAÚDE DA FAMÍLIA. (2010). DOI: 10.5205/reuol.724-5678-1-LE.0401201028;É necessária a vinculação de dados individualizados entre dois sistemas distintos do DATASUS
Grupo 1 - Pré-natal;Indicadores sobre PROCESSOS ASSISTENCIAIS ;Proporção de gestantes que realizaram sorologia para hepatite B *;01/11/2024;Nº de gestantes, acompanhadas no pré?natal, que realizou exames de sorologia para hepatite B em um dado período e local / N° total de gestantes acompanhadas no mesmo período e local x 100;Distribuição proporcional de gestantes que realizaram exames de sorologia para hepatite B em um dado período e local;Atenção Básica;Município;SIH / SIA;Uchoa JL, Sales AAR, Joventino ES, Ximenes LB. INDICADORES DE QUALIDADE DA ASSISTÊNCIA AO PRÉ-NATAL: REALIDADE DE GESTANTES ATENDIDAS EM UNIDADE DE SAÚDE DA FAMÍLIA. (2010). DOI: 10.5205/reuol.724-5678-1-LE.0401201028;É necessária a vinculação de dados individualizados entre dois sistemas distintos do DATASUS
Grupo 1 - Pré-natal;Indicadores sobre PROCESSOS ASSISTENCIAIS ;Proporção de gestantes que realizaram sorologia para sífilis *;01/11/2024;Nº de gestantes, acompanhadas no pré?natal, que realizou exames de sorologia para sífilis em um dado período e local / N° total de gestantes acompanhadas no mesmo período e local x 100;Distribuição proporcional de gestantes que realizaram exames de sorologia para sífilis em um dado período e local;Atenção Básica;Município;SIH / SIA;Secretaria de Saúde do Rio Grande do Sul. Boletim Informativo Nº 05/Setembro de 2020: https://atencaoprimaria.rs.gov.br/upload/arquivos/202009/25134156-05-boletim-tr-gestante.pdf;É necessária a vinculação de dados individualizados entre dois sistemas distintos do DATASUS
Grupo 1 - Pré-natal;Indicadores sobre PROCESSOS ASSISTENCIAIS ;Proporção de gestantes que realizaram teste anti-HIV *;01/11/2024;Nº de gestantes, acompanhadas no pré?natal, que realizou exames para a detecção de HIV em um dado período e local / N° total de gestantes acompanhadas no mesmo período e local x 100;Distribuição proporcional de gestantes que realizaram exames para a detecção de HIV em um dado período e local;Atenção Básica;Município;SIH / SIA;Secretaria de Saúde do Rio Grande do Sul. Boletim Informativo Nº 05/Setembro de 2020: https://atencaoprimaria.rs.gov.br/upload/arquivos/202009/25134156-05-boletim-tr-gestante.pdf;É necessária a vinculação de dados individualizados entre dois sistemas distintos do DATASUS
Grupo 1 - Pré-natal;Indicadores sobre PROCESSOS ASSISTENCIAIS ;Proporção de gestantes que realizaram tipagem sanguínea Rh ;01/11/2024;Nº de gestantes, acompanhadas no pré?natal, que realizou tipagem sanguínea Rh em um dado período e local / N° total de gestantes acompanhadas no mesmo período e local x 100;Distribuição proporcional de gestantes que realizaram tipagem sanguínea Rh em um dado período e local;Atenção Básica;Município;SIH / SIA;Uchoa JL, Sales AAR, Joventino ES, Ximenes LB. INDICADORES DE QUALIDADE DA ASSISTÊNCIA AO PRÉ-NATAL: REALIDADE DE GESTANTES ATENDIDAS EM UNIDADE DE SAÚDE DA FAMÍLIA. (2010). DOI: 10.5205/reuol.724-5678-1-LE.0401201028;É necessária a vinculação de dados individualizados entre dois sistemas distintos do DATASUS
Grupo 1 - Pré-natal;Indicadores sobre PROCESSOS ASSISTENCIAIS ;Média da IG de realização do primeiro VDRL ;01/11/2024;Soma das idades gestacionais (em semanas) de todas as gestantes no momento da realização do primeiro teste VDRL / N° total de gestantes que fizeram o teste;Identificação do tempo (de gestação) em que o primeiro VDRL é realizado, em média, pelas gestantes de um determinado local;Atenção Básica;Município;SIH / SIA;"Lima BG de C. Abordagem da sífilis como indicador de qualidade da assistência pré-natal em Salvador. Rev Baiana Saúde Pública [Internet]. 2014;28(1):9. Available from: http://dx.doi.org/10.22278/2318-2660.2004.v28.n1.a1143";É necessária a vinculação de dados individualizados entre dois sistemas distintos do DATASUS
Grupo 2 - Parto;Indicadores sobre DESFECHOS de Saúde Pública ;Percentual de tipo de parto por Grupo de Robson *;04/10/2024;N° de gestantes por Classificação de Robson / N° total de gestantes x 100;Distribuição percentual de gestantes em cada uma das 10 categorias da Classificação de Robson no período considerado;Atenção Básica;Município;SINASC;MS - https://www.gov.br/ans/pt-br/arquivos/assuntos/gestao-em-saude/parto-adequado/FICHAS_TODOS_INDICADORES.pdf;
Grupo 2 - Parto;Indicadores sobre ESTRUTURA e RECURSOS;Proporção de Enfermeiros Obstétricos *;04/10/2024;N° de enfermeiros obstétricos em uma determinada região / N° total de habitantes X 100;Avalia a disponibilidade de enfermeiros obstétricos para uma determinada população;"Atenção Básica; Média/alta complexidade";Município;TABWIN – CNES recursos humanos ;Migoto, M. T., Oliveira, R. P. de ., & Freire, M. H. de S.. (2022). Validação de indicadores para monitoramento da qualidade do pré-natal. Escola Anna Nery, 26, e20210262. https://doi.org/10.1590/2177-9465-EAN-2021-0262;
Grupo 2 - Parto;Indicadores sobre ESTRUTURA e RECURSOS;"Proporção de partos vaginais conforme o profissional que assistiu (médico, enfermeira-obstetra; parteira; outros)";04/10/2024;N° de partos de acordo com o profissional prestador da assistência / N° total de partos assistidos x 100;"Distribuição percentual de partos de acordo com o profissional que assistiu ao parto (médico, enfermeira-obstetra; parteira; outros)";Média/alta complexidade;Município;SINASC;MS - https://www.gov.br/ans/pt-br/arquivos/assuntos/gestao-em-saude/parto-adequado/FICHAS_TODOS_INDICADORES.pdf;
Grupo 2 - Parto;Indicadores sobre PROCESSOS ASSISTENCIAIS ;Proporção de partos vaginais com episiotomia *;11/10/2024;N° de partos vaginais com episiotomia / N° total de partos vaginais no mesmo período x 100;Distribuição proporcional de partos vaginais em que foi realizada a episiotomia;Média/alta complexidade;Município;SIH - SP;Resende, M. T. dos S., Lopes, D. S., & Bonfim, E. G.. (2020). Profile on childbirth care at a public maternity hospital. Revista Brasileira De Saúde Materno Infantil, 20(3), 863–870. https://doi.org/10.1590/1806-93042020000300011;
Grupo 2 - Parto;Indicadores sobre PROCESSOS ASSISTENCIAIS ;Proporção de cesáreas ;25/10/2024;Nº total de partos cesáreas / Nº total de partos (vaginal + cesáreo) x 100;Proporção de partos realizados por cirurgia cesárea em relação ao número total de partos realizados, em determinado período.;Média/alta complexidade;Município/Estado;SINASC;Fichas de Indicadores Painél Parto, Agência Nacional de Saúde Suplementar. Disponível em: https://www.gov.br/ans/pt-br/arquivos/assuntos/gestao-em-saude/parto-adequado/fichas-de-indicadores-painel_parto.pdf;
Grupo 3 - Neonatal;Indicadores sobre ESTRUTURA e RECURSOS de Saúde Pública;Taxa total de leitos neonatais *;27/09/2024;N° de leitos de UTI Neonatal / N° total de NV x 1.000;Disponibilidade de leitos de Unidade de Terapia Intensiva (UTI) Neonatal, por 1.000 NV, em determinado espaço geográfico, no ano considerado.;Alta complexidade;Município;TABWIN – CNES;Indicadores de Análise de Situação de Saúde da Rede de Atenção Materna e Neonatal: https://www.as.saude.ms.gov.br/wp-content/uploads/2021/11/Documento-Orientação-Indicadores-Saude-Materna-e-Infantil_v13-Ago-21-1-1-1-1.pdf;
Grupo 3 - Neonatal;Indicadores sobre DESFECHOS de Saúde Pública ;Proporção de neonatos com adequado índice de Apgar no 1º e 5° minuto;04/10/2024;"Nº de recém?nascidos com apgar < 7 no
primeiro ou quinto minuto de vida em um determinado local e ano/Nº total de recém?nascidos no mesmo local e ano x 100";Proporção de recém-nascido com Apgar de 1º minuto <7 e de 5º minuto <7. Mede a ocorrência de asfixia no recém-nascido no primeiro minuto de vida. Contribui na análise das condições do parto e nascimento.;Alta complexidade;Município;SINASC;Indicadores estratégicos para a rede cegonha: Disponível em: https://www.saude.sc.gov.br/index.php/informacoes-gerais-documentos/redes-de-atencao-a-saude-2/rede-aten-a-saude-materna-e-infantil-rede-cegonha/acervo-e-e-books/12365-indicadores-estrategicos-rede-cegonha/file;"Análise por faixa etária, IG, peso ao nascer, tipo de parto, raça/cor; quando aplicável"
Grupo 3 - Neonatal;Indicadores sobre DESFECHOS de Saúde Pública ;Taxa de baixo peso ao nascer;04/10/2024;N° de NV com menos de 2.500g / N° total de NV) X 100;Proporção de NV com menos de 2.500g ao nascer (baixo peso) no período considerado;Atenção básica, média e alta complexidade;Município;SINASC;Indicadores de Atenção à Saúde Materna e Neonatal.Disponivél em: https://www.gov.br/ans/pt-br/arquivos/assuntos/gestao-em-saude/parto-adequado/FICHAS_TODOS_INDICADORES.pdf;"Análise por faixa etária, IG, peso ao nascer, tipo de parto, raça/cor; quando aplicável"
Grupo 3 - Neonatal;Indicadores sobre PROCESSOS ASSISTENCIAIS ;Proporção de neonatos vacinados *;04/10/2024;N° de doses de imunizantes neonatais (BCG e Hepatite B) aplicadas por localidade em determinado período / N° total de NV no mesmo local e período x 100;Verificar a cobertura vacinal para neonatos (BCG, Hepatite B);Atenção básica;Estado/Município;SI-PNI / SINASC;"Cobertura Vacinal no Brasil
2020: https://ieps.org.br/wp-content/uploads/2021/05/Panorama_IEPS_01.pdf";Método de cálculo indicado pelos pesquisadores
Grupo 3 - Neonatal;Indicadores sobre DESFECHOS de Saúde Pública ;Proporção de neonatos com ocorrência de asfixia perinatal;11/10/2024;(Soma do número de asfixias perinatais (22 semanas de gestação e mais) de RN /Número de nascimentos totais  (NV mais óbitos fetais de 22 semanas e mais de gestação)) X 1.000;Percentual de recém nascidos que tiveram diagnóstico de asfixia perinatal, no periodo considerado.;Alta complexidade;Município;SIH;Ficha de Qualificação do Indicador. Índice de Asfixia Perinatal. Disponível em: http://www2.saude.ba.gov.br/hgpv/Ficha%20de%20Qualifica%C3%A7%C3%A3o%20do%20Indicador%20-%20IAP.pdf;"Análise por faixa etária, IG, peso ao nascer, tipo de parto, raça/cor; quando aplicável"
Grupo 3 - Neonatal;Indicadores sobre DESFECHOS de Saúde Pública ;Proporção de óbitos neonatais conforme causas (evitável/não claramente evitável/mal definidas);11/10/2024;Nº de óbitos de neonatos conforme causa de óbito por local de redidência / Nº de NV residentes nesse mesmo local x 1.000;"Os óbitos evitáveis são divididos em
quatro grandes grupos: (1) reduzíveis por adequada atenção à mulher na gestação, parto e ao recém-nascido; (2) reduzíveis por ações adequadas de diagnóstico e tratamento; (3) reduzíveis por ações de
imunoprevenção; (4) Reduzíveis por ações
adequadas de promoção à saúde, vinculadas as ações adequadas de atenção à saúde";Atenção básica, média e alta complexidade;Município;SIM/SINASC;"Baptista GC, Poton WL. Evolution of neonatal mortality by preventable causes over the past ten years in Espírito Santo State. Rev Bras Saude Mater Infant [Internet]. 2021Jan;21(1):45–54. Available from: https://doi.org/10.1590/1806-93042021000100003";"Análise por faixa etária, IG, peso ao nascer, tipo de parto, raça/cor; quando aplicável"
Grupo 3 - Neonatal;Indicadores sobre ESTRUTURA e RECURSOS de Saúde Pública;Taxa de unidades com adequação no número de recursos humanos (profissionais) e materiais *;11/10/2024;Nº de unidades com recursos humanos e materiais adequados / Nº total de unidades no local x 1.000;Unidades que possuem número de recursos humasos e materiais de acordo com o preconizado em portarias do MS.;Atenção básica, média e alta complexidade;Município;TABNET – Recursos humanos;"Pereira CM, Porto F.. INDICADORES DE QUALIDADE EM TERAPIA INTENSIVA NEONATAL: CONTRIBUIÇÃO NO GERENCIAMENTO
DO CUIDADO. Rev. de Pesq.: cuidado é fundamental Online 2010. abr/jun. 2(2):723-734";
Grupo 3 - Neonatal;Indicadores sobre DESFECHOS de Saúde Pública ;Proporção de infecções sistêmicas neonatais;18/10/2024;N° de internados devido a infecção no período neonatal / N° total de NV x 1.000;Número de neonatos que internaram por infecção no período neonatal. CID-10 considerados conforme referência: Critérios Diagnósticos de Infecções Relacionadas à Assistência à Saúde Neonatologia;Alta complexidade;Município;SIH;Indicadores. Taxa de Infecção neonatal precoce. Disponível em: https://proqualis.fiocruz.br/indicadores/taxa-de-infec%C3%A7%C3%A3o-neonatal-precoce-nas-primeiras-48-horas-de-vida.  /  ANVISA Critérios Diagnósticos de Infecções Relacionadas à Assistência à Saúde Neonatologia: https://bvsms.saude.gov.br/bvs/publicacoes/criterios_diagnosticos_infeccoes_assistencia_saude_neonatologia.pdf;"herpes simples, 
toxoplasmose, rubéola, citomegalovírus, sífilis, hepatite B e infecção pelo vírus da imunodeficiência 
humana adquirida (HIV), Zika , chikungunya e dengue, Sepse, Infecção do trato urinário, Pneumonia clínica, Bronquite, Traqueobronquite, Bronquiolite, Traqueíte (sem Pneumonia), Enterocolite necrosante, Meningite, Infecção intracraniana (abscesso cerebral, infecção subdural ou epidural, encefalite), Endocardite, Miocardite ou Pericardite, Mediastinite. 

Análise por faixa etária, IG, peso ao nascer, tipo de parto, raça/cor; quando aplicável"
Grupo 3 - Neonatal;Indicadores sobre DESFECHOS de Saúde Pública ;Proporção de óbitos nas primeiras 24h de vida;18/10/2024;"Nº de óbitos de RN nas primeiras 24h de vida, em determinado ano e local de
residência / Nº de NV nesse mesmo
local e ano x 1.000";Mensurar a proporção de óbitos de neonatais que ocorrem nas primeiras 24h de vida ;Média e alta complexidade;Município;SIM/SINASC;Indicadores estratégicos para a rede cegonha: Disponível em: https://www.saude.sc.gov.br/index.php/informacoes-gerais-documentos/redes-de-atencao-a-saude-2/rede-aten-a-saude-materna-e-infantil-rede-cegonha/acervo-e-e-books/12365-indicadores-estrategicos-rede-cegonha/file. ;"Análise por faixa etária, IG, peso ao nascer, tipo de parto, raça/cor; quando aplicável"
Grupo 3 - Neonatal;Indicadores sobre DESFECHOS de Saúde Pública ;Coeficiente de mortalidade neonatal;18/10/2024;Nº de óbitos de RN (por período de óbito) em determinado ano e local de residência / Nº de NV nesse mesmo local e ano x 1.000;Óbito neonatal precoce (de 0 a 6 dias de vida) e tardio (de 7 a 27 dias de vida) num determinado ano e local de residência;Atenção básica, média e alta complexidade;Município;SIM/SINASC;Indicadores estratégicos para a rede cegonha: Disponível em: https://www.saude.sc.gov.br/index.php/informacoes-gerais-documentos/redes-de-atencao-a-saude-2/rede-aten-a-saude-materna-e-infantil-rede-cegonha/acervo-e-e-books/12365-indicadores-estrategicos-rede-cegonha/file. ;"Análise por faixa etária, IG, peso ao nascer, tipo de parto, raça/cor; quando aplicável"
Grupo 3 - Neonatal;Indicadores sobre DESFECHOS de Saúde Pública ;Taxa bruta de natalidade;18/10/2024;"Número total de NV
residentes / População total
residente (x 1.000)";Número de NV, por mil habitantes, na população residente em determinado espaço geográfico, no ano considerado;Atenção básica, média e alta complexidade;Município;SINASC;Rede Interagencial de Informações para Saúde RIPSA. Matriz de Indicadores. Disponivél em: https://www.ripsa.org.br/wp-content/uploads/2023/11/Matriz-de-indicadores.pdf. ;
Grupo 3 - Neonatal;Indicadores sobre DESFECHOS de Saúde Pública ;Taxa de incidência de sífilis congênita em neonatos *;18/10/2024;"Nº de casos novos confirmados de sífilis
congênita em neonatos, em determinado local de residência e ano de diagnóstico / N° total de NV nesse mesmo período e local de residência x 1.000";"Número de casos de sífilis congênita
diagnosticados em menores de 1
ano de idade em um determinado
ano e local de residência";Atenção básica, média e alta complexidade;Município;SINAN/SINASC;Indicadores estratégicos para a rede cegonha: Disponível em: https://www.saude.sc.gov.br/index.php/informacoes-gerais-documentos/redes-de-atencao-a-saude-2/rede-aten-a-saude-materna-e-infantil-rede-cegonha/acervo-e-e-books/12365-indicadores-estrategicos-rede-cegonha/file. ;"Análise por faixa etária, IG, peso ao nascer, tipo de parto, raça/cor; quando aplicável"
Grupo 3 - Neonatal;Indicadores sobre DESFECHOS de Saúde Pública ;Incidência de tétano neonatal positivo ;18/10/2024;N° de neonatos com diagnóstico de tétano neonatal / N° total de NV x 1.000;"
Porcentagem de crianças com tétano neonatal, em relação ao total de NV

";Atenção básica, média e alta complexidade;Município;SINAN;TabNet: D.1.4 Incidência de tétano neonatal. http://tabnet.datasus.gov.br/cgi/idb2000/fqd01_4.htm;"Análise por faixa etária, IG, peso ao nascer, tipo de parto, raça/cor; quando aplicável"
Grupo 3 - Neonatal;Indicadores sobre DESFECHOS de Saúde Pública ;Proporção de HIV de transmissão vertical *;18/10/2024;Proporção de NV com diagnóstico de HIV por transmissão vertical / N° total de NV x 100;Transmissão vertical de HIV;Atenção Básica;Município;SINAN;Migoto, M. T., Oliveira, R. P. de ., & Freire, M. H. de S.. (2022). Validação de indicadores para monitoramento da qualidade do pré-natal. Escola Anna Nery, 26, e20210262. https://doi.org/10.1590/2177-9465-EAN-2021-0262;"Análise por faixa etária, IG, peso ao nascer, tipo de parto, raça/cor; quando aplicável"
Grupo 3 - Neonatal;Indicadores sobre PROCESSOS ASSISTENCIAIS ;Taxa de cobertura da Triagem Neonatal Ambulatorial (TAN, Teste da orelhinha, teste do coração, teste do olhinho) *;25/10/2024;N° total de NV que fez o TAN / N° total de NV;O MS determina uma cobertura de pelo menos 95% dos NV pelo TAN;Média complexidade;Município;SIA;Botasso, K. de C., Lima, M. C. M. P., & Correa, C. R. S.. (2022). Análise de um programa de saúde auditiva infantil ambulatorial: da triagem ao encaminhamento para reabilitação. Codas, 34(4), e20200403. https://doi.org/10.1590/2317-1782/20212020403;
Grupo 4 - Puerpério;Indicadores sobre ESTRUTURA e RECURSOS de Saúde Pública;Proporção de instituições com existência de alojamento conjunto **;11/10/2024;Nº de instituições com alojamento conjunto disponível / Nº total de instituições ;Distribuições percentural com alonjamento conjunto entre as instituições com serviços de atenção materno-infantil. O alojamento conjunto é uma recomedação da Politica Nacional de Atenção Integral à saúde da criança;Média/alta complexidade;Município;TABWIN - CNES;PORTARIA Nº 2.068, DE 21 DE OUTUBRO DE 2016 https://bvsms.saude.gov.br/bvs/saudelegis/gm/2016/prt2068_21_10_2016.html;Método de cálculo indicado pelos pesquisadores
Grupo 4 - Puerpério;Indicadores sobre ESTRUTURA e RECURSOS de Saúde Pública;Proporção de óbitos maternos por local do óbito;11/10/2024;N° de óbitos maternos por local de ocorrência em um determinado período / N° total de óbitos maternos no mesmo período x 100;Distribuição percentual de óbitos maternos de acordo com o local de ocorrência (hospital, domicílio, via pública ou outro estabelecimento de saúde);"Atenção Básica; Média/alta complexidade";Município;SIM;"de Faria DR, de Sousa RC, da Costa TJNM, Leite ICG. Mortalidade materna em cidade-polo de assistência na região Sudeste: tendência temporal e determinantes sociais. Rev Med Minas Gerais 2012; 22(1): 1-128";Método de cálculo indicado pelos pesquisadores
Grupo 4 - Puerpério;Indicadores sobre ESTRUTURA e RECURSOS de Saúde Pública;Taxa de leitos obstétricos *;11/10/2024;N° de leitos obstétricos / N° total de NV x 1.000;Mensurar a quantidade unidades que possuem número de leitos obstétricos que está de acordo com o preconizado em portarias do MS.;Alta complexidade;Estado/Município;TABWIN - CNES;Indicadores de Análise de Situação de Saúde da Rede de Atenção Materna e Neonatal: https://www.as.saude.ms.gov.br/wp-content/uploads/2021/11/Documento-Orientação-Indicadores-Saude-Materna-e-Infantil_v13-Ago-21-1-1-1-1.pdf;Método de cálculo indicado pelos pesquisadores
Grupo 4 - Puerpério;Indicadores sobre ESTRUTURA e RECURSOS de Saúde Pública;Taxa de leitos em UTI adulto *;11/10/2024;N° de leitos de UTI adulto / N° total de NV x 1.000;Mensurar a quantidade unidades que possuem número de leitos em UTI adulto que está de acordo com o preconizado em portarias do MS.;Alta complexidade;Estado/Município;TABWIN - CNES;Indicadores de Análise de Situação de Saúde da Rede de Atenção Materna e Neonatal: https://www.as.saude.ms.gov.br/wp-content/uploads/2021/11/Documento-Orientação-Indicadores-Saude-Materna-e-Infantil_v13-Ago-21-1-1-1-1.pdf;Método de cálculo indicado pelos pesquisadores
Grupo 4 - Puerpério;Indicadores sobre DESFECHOS de Saúde Pública ;Proporção de óbitos maternos evitáveis ;18/10/2024;N° de óbito materno evitáveis / N° total de óbito maternos no mesmo período x 100;Distribuição percentual de óbitos maternos nos quais poderiam ser reduzíveis por ações adequadas de prevenção, controle e atenção às causas de morte materna. CID-10 considerados: O00-O26, O29-O99;Atenção básica, média e alta complexidade;Município;SIM;"de Faria DR, de Sousa RC, da Costa TJNM, Leite ICG. Mortalidade materna em cidade-polo de assistência na região Sudeste: tendência temporal e determinantes sociais. Rev Med Minas Gerais 2012; 22(1): 1-128 / http://tabnet.datasus.gov.br/cgi/sim/Obitos_Evitaveis_5_a_74_anos.pdf";"Método de cálculo indicado pelos pesquisadores

Análise por faixa etária, IG, peso ao nascer, tipo de parto, raça/cor; quando aplicável"
Grupo 4 - Puerpério;Indicadores sobre DESFECHOS de Saúde Pública ;Proporção de óbitos maternos conforme período do óbito (puerpério/gestação/parto/aborto) ;25/10/2024;N° de óbitos maternos por período / N° total de óbitos maternos;Distribuição percentual de óbitos maternos de acordo com o período de ocorrência do óbito: durante o puerpério, gestação, parto ou aborto ;Atenção básica, média e alta complexidade;Município;SIM;"de Faria DR, de Sousa RC, da Costa TJNM, Leite ICG. Mortalidade materna em cidade-polo de assistência na região Sudeste: tendência temporal e determinantes sociais. Rev Med Minas Gerais 2012; 22(1): 1-128";"Método de cálculo indicado pelos pesquisadores

Análise por faixa etária, IG, peso ao nascer, tipo de parto, raça/cor; quando aplicável"
Grupo 4 - Puerpério;Indicadores sobre DESFECHOS de Saúde Pública ;Razão de desfecho materno grave ;25/10/2024;"N° de mulheres com condições
ameaçadoras à vida / N° total de NV x 1.000";" Este indicador fornece uma estimativa
da quantidade de cuidado e recursos que seriam necessários em uma área ou em um serviço. Considera-se condições ameaçadoras à vida segundo o determinado pela OMS, que possuem viabilidade dentro do sistema de informação [Consultar referência].";Alta complexidade;Estado/Município;SIH;"OMS: Avaliação da qualidade do cuidado nas complicações graves da gestação A abordagem do near miss da OMS para a saúde materna. https://ensino.ensp.fiocruz.br/perfil_de_mortalidade/documents/Avaliacao-da-qualidade-do-cuidado.pdf - - - MAGALHÃES, Maria da Consolação; BUSTAMANTE-TEIXEIRA, Maria Teresa. Morbidade materna extremamente grave: uso do Sistema de Informação Hospitalar. Revista de Saúde Pública, v. 46, p. 472-478, 2012.";"Método de cálculo indicado pelos pesquisadores

Análise por faixa etária, IG, peso ao nascer, tipo de parto, raça/cor; quando aplicável"
Grupo 4 - Puerpério;Indicadores sobre DESFECHOS de Saúde Pública ;Razão de mortalidade materna ;25/10/2024;N° de mortes maternas relacionadas ou agravadas pelo processo gravídico puerperal, da gestação, do parto e até o 42° dia pós-parto / N° total de NV x 100.000 NV ;Taxa que expressa as mortes maternas relacionadas ou agravadas pelo processo gravídico puerperal, da gestação, do parto e até o 42° dia pós-parto. Independente da duração da gestação ou do local em que ocorreu, por 100.000 NV ;"Atenção Básica; Média/alta complexidade";Município;SIM;https://bvsms.saude.gov.br/bvs/publicacoes/qualificacao_saude_sup/pdf/Atenc_saude3fase.pdf / http://tabnet.datasus.gov.br/tabdata/LivroIDB/2edrev/c03.pdf;"Análise por faixa etária, IG, peso ao nascer, tipo de parto, raça/cor; quando aplicável"
Grupo 4 - Puerpério;Indicadores sobre PROCESSOS ASSISTENCIAIS ;Proporção de puérperas que tiveram consultas no Puerpério *;25/10/2024;Nº de puérperas que tiveram consulta / Nº total de NV x 1000;Mensurar a proporção de puérperas que tiveram consulta puerperal até o 42º dias pós parto, conforme preconizado pelo MS.;"Atenção Básica; Média complexidade";Município;SIA;Pré-natal e Puerpério: atenção qualificada e humanizada – manual técnico/Ministério da Saúde: https://bvsms.saude.gov.br/bvs/publicacoes/manual_pre_natal_puerperio_3ed.pdf    /   Brasil. Consulta Puerperal: https://www.gov.br/pt-br/servicos-estaduais/consulta-puerperal-1#:~:text=O%20que%20é%3F,também%20denominado%20de%20pós-parto.;"Análise por faixa etária, IG, peso ao nascer, tipo de parto, raça/cor; quando aplicável"
Grupo 5 - Perinatal;Indicadores sobre DESFECHOS de Saúde Pública ;Coeficiente de mortalidade perinatal;18/10/2024;N° de perdas fetais tardias (a partir da 28a semana de gestação) em determinado local e período / N° total de nascimentos (perdas fetais tardias e NV) residentes, no mesmo local e período X 1.000;Número de óbitos ocorridos no período perinatal (depois da 28ª IG, antes ou durante o parto), expresso por mil nascimentos (perdas fetais tardias mais NV), em determinado local e período.;Alta complexidade;Município;IBGE - estimativas dos NV e de óbitos fetais e SIM;Rede Interagencial de Informações para Saúde RIPSA. Qualificação de Indicadores. Disponível em: http://tabnet.datasus.gov.br/cgi/idb1998/fqc05.htm#:~:text=Indica%20a%20probabilidade%20de%20um,parturiente%20e%20ao%20rec%C3%A9m%2Dnascido /  WHO. Stillbirth: https://www.who.int/health-topics/stillbirth#tab=tab_1;"Análise por faixa etária, IG, peso ao nascer, tipo de parto, raça/cor; quando aplicável"
